gender,name,nationality,popularity,split
male,Badu,african,0,train
male,Kibo,african,0,train
male,Danladi,african,0,train
male,Akinyele,african,0,train
male,Bandele,african,0,train
male,Cowry,african,0,train
male,Chinua,african,0,train
male,Abiola,african,4193,train
male,Chimaijem,african,0,train
male,Danjuma,african,0,train
male,Balarabe,african,0,train
male,Akinwunmi,african,0,train
male,Ayomide,african,4832,train
male,Danlami,african,0,train
male,Chijioke,african,0,train
male,Adelaja,african,0,train
male,Chike,african,0,train
male,Danasabe,african,0,train
male,Chileogu,african,0,train
male,Dubaku,african,0,train
male,Awotwi,african,0,train
male,Bakari,african,5578,train
male,Afro,african,0,train
male,Chukwubuikem,african,0,train
male,Akrong,african,0,train
male,Ayo,african,0,train
male,Bomani,african,0,train
male,Babatunde,african,5447,train
male,Bahati,african,0,val
male,Akinlabi,african,0,val
male,Asong,african,0,val
male,Amazu,african,0,val
male,Chineze,african,0,val
male,Akintunde,african,0,val
male,Baako,african,0,test
male,Botwe,african,0,test
male,Adeleke,african,0,test
male,Chinelo,african,0,test
male,Chima,african,5643,test
male,Babafemi,african,0,test
male,Chi,african,5545,test
female,Ameng,african,0,train
female,Anecky,african,0,train
female,Dipuo,african,0,train
female,Akuwa,african,0,train
female,Assibi,african,0,train
female,Alaba,african,0,train
female,Adefunmike,african,0,train
female,Anika,african,959,train
female,Akua,african,5578,train
female,Asaye,african,0,train
female,Chinecherem,african,0,train
female,Ayodele,african,5447,train
female,Shaka,african,5441,train
female,Kenya,african,1233,train
female,Chinagorom,african,0,train
female,Dada,african,0,train
female,Babafunmike,african,0,train
female,Anaca,african,0,train
female,Baduwa,african,0,train
female,Ayana,african,1641,train
female,Ebuka,african,0,train
female,Eshe,african,0,train
female,Kesia,african,4935,train
female,Balaraba,african,0,train
female,Esi,african,0,train
female,Jahzara,african,3507,train
female,Echerem,african,0,train
female,Dipuonyane,african,0,train
female,Anuli,african,0,train
female,Deka,african,0,train
female,Chioma,african,4387,train
female,Mandisa,african,5549,train
female,Abidemi,african,0,val
female,Bosede,african,0,val
female,Aunika,african,5578,val
female,Chidi,african,5076,val
female,Chukwuebuka,african,5466,val
female,Awushi,african,0,val
female,Afiya,african,5161,val
female,Adzoa,african,0,test
female,Adzowa,african,0,test
female,Annaka,african,4958,test
female,Awo,african,0,test
female,Chidera,african,4227,test
female,Aba,african,0,test
female,Aduke,african,0,test
female,Safiya,african,3094,test
male,Biff,american,3342,train
male,London,american,193,train
male,Daylen,american,2145,train
male,Desean,american,3019,train
male,Trayvon,american,2875,train
male,Davion,american,1385,train
male,Tyrus,american,3470,train
male,Maverick,american,384,train
male,Deanthony,american,3177,train
male,Davon,american,1990,train
male,Darold,american,3460,train
male,Deion,american,2479,train
male,Jaylen,american,567,train
male,Keandre,american,2740,train
male,Darrold,american,3162,train
male,Jareth,american,3400,train
male,Daylon,american,3147,train
male,Marzell,american,2494,train
male,Devonte,american,2434,train
male,Daylan,american,3197,train
male,Devante,american,3400,train
male,Travon,american,3123,train
male,Dashawn,american,2525,train
male,Marshawn,american,2892,val
male,Daylin,american,3333,val
male,Lavaughn,american,3121,val
male,Jaquan,american,2377,val
male,Rayshawn,american,3243,test
male,Javon,american,1504,test
male,Tevin,american,2392,test
male,Deonte,american,2972,test
male,Lansing,american,3121,test
male,Jayson,american,763,test
female,Jaden,american,307,train
female,Kaylynn,american,1160,train
female,Jaclyn,american,2266,train
female,Taleah,american,2875,train
female,Kasey,american,1426,train
female,Kaylen,american,1650,train
female,Jacey,american,2099,train
female,Janiel,american,3470,train
female,Jamari,american,1081,train
female,Arizona,american,3308,train
female,Jaci,american,2553,train
female,Jiselle,american,2434,train
female,Deon,american,1856,train
female,Essence,american,2004,train
female,Lizette,american,2929,train
female,Jazelle,american,2145,train
female,Nevaeh,american,162,train
female,Jorene,american,3045,train
female,America,american,1475,train
female,Kalyn,american,3220,train
female,Kodi,american,2807,train
female,Kalynn,american,3400,train
female,Kenna,american,1398,train
female,Janae,american,1543,train
female,Janai,american,3308,train
female,Sam,american,1048,train
female,Jaylin,american,1206,train
female,Jazzlyn,american,2392,train
female,Bettyann,american,3289,train
female,Jianna,american,2266,train
female,Julissa,american,923,train
female,Brynn,american,530,train
female,Jodean,american,3253,train
female,Kailyn,american,949,train
female,Jayleen,american,799,train
female,Kianna,american,2793,train
female,Jerilynn,american,3107,train
female,Kamari,american,1121,train
female,Jaylynn,american,1210,train
female,Chevelle,american,2238,val
female,Kaelynn,american,1664,val
female,Jaelyn,american,1154,val
female,Kaylin,american,976,val
female,Jaycee,american,1103,val
female,Jakayla,american,1606,val
female,Kaelyn,american,1022,val
female,Janessa,american,1360,val
female,Jasleen,american,2913,test
female,Kacie,american,2720,test
female,Jaylee,american,1266,test
female,Jaliyah,american,957,test
female,Kiana,american,1575,test
female,Jazlyn,american,866,test
female,Jacelyn,american,2793,test
female,Janaya,american,3147,test
female,Jazlynn,american,1307,test
female,Braelyn,american,793,test
male,Hadi,arabic,2671,train
male,Akeem,arabic,2856,train
male,Jamil,arabic,2434,train
male,Karim,arabic,1961,train
male,Jamel,arabic,2740,train
male,Zahir,arabic,1978,train
male,Hassan,arabic,1490,train
male,Kayden,arabic,131,train
male,Kareem,arabic,1440,train
male,Raheem,arabic,2109,train
male,Ammar,arabic,2409,train
male,Ahmad,arabic,1095,train
male,Ahmed,arabic,1081,train
male,Kaiden,arabic,218,train
male,Abdirahman,arabic,2313,train
male,Abdul,arabic,2517,train
male,Adiel,arabic,2793,train
male,Tariq,arabic,2856,train
male,Emir,arabic,2266,train
male,Kaden,arabic,308,train
male,Salman,arabic,2553,train
male,Umar,arabic,2583,train
male,Khalil,arabic,893,train
male,Hasan,arabic,2247,train
male,Malek,arabic,2632,train
male,Malik,arabic,742,train
male,Amin,arabic,2793,train
male,Muhammed,arabic,2502,train
male,Malak,arabic,2055,train
male,Hussein,arabic,2434,train
male,Mohamed,arabic,826,train
male,Abdullah,arabic,1203,train
male,Rashad,arabic,1676,train
male,Ismail,arabic,2247,val
male,Jamal,arabic,1440,val
male,Mohammed,arabic,968,val
male,Mohammad,arabic,1115,val
male,Syed,arabic,2163,val
male,Nasir,arabic,1063,val
male,Jericho,arabic,1907,val
male,Khaled,arabic,2650,test
male,Mustafa,arabic,1691,test
male,Ibrahim,arabic,902,test
male,Cairo,arabic,2109,test
male,Muhammad,arabic,785,test
male,Said,arabic,2650,test
male,Khalid,arabic,1787,test
male,Caiden,arabic,501,test
female,Jennah,arabic,2686,train
female,Fatimah,arabic,2875,train
female,Laylah,arabic,1086,train
female,Elmyra,arabic,2870,train
female,Kamilah,arabic,1794,train
female,Naima,arabic,1937,train
female,Hafsa,arabic,2434,train
female,Layla,arabic,95,train
female,Yara,arabic,2180,train
female,Zaira,arabic,2525,train
female,Aminah,arabic,1698,train
female,Aisha,arabic,1016,train
female,Laila,arabic,344,train
female,Anisa,arabic,2463,train
female,Amal,arabic,2825,train
female,Zuma,arabic,2753,train
female,Sami,arabic,2154,train
female,Aida,arabic,2409,train
female,Khadija,arabic,2017,train
female,Khadijah,arabic,2502,train
female,Amina,arabic,779,train
female,Jenna,arabic,543,train
female,Sahara,arabic,2606,train
female,Ayah,arabic,2463,train
female,Fatima,arabic,656,train
female,Leyla,arabic,1254,train
female,Leela,arabic,1799,train
female,Amberly,arabic,2463,train
female,Lila,arabic,403,train
female,Zahra,arabic,1514,val
female,Elzina,arabic,2416,val
female,Imani,arabic,914,val
female,Lylah,arabic,1111,val
female,Iman,arabic,2377,val
female,Zariah,arabic,966,val
female,Asha,arabic,1907,test
female,Leilah,arabic,1856,test
female,Zara,arabic,807,test
female,Nailah,arabic,2226,test
female,Ali,arabic,567,test
female,Samira,arabic,1861,test
female,Leila,arabic,504,test
male,Tadio,aramaic,0,train
male,Thomas,aramaic,82,train
male,Saadya,aramaic,0,train
male,Thaddaus,aramaic,0,train
male,Tomas,aramaic,1254,train
male,Thaddius,aramaic,0,train
male,Yanai,aramaic,4816,train
male,Thom,aramaic,3471,train
male,Thaddaios,aramaic,0,train
male,Tomasso,aramaic,0,train
male,Tomie,aramaic,2614,train
male,Tomek,aramaic,0,train
male,Tavee,aramaic,0,train
male,Thady,aramaic,0,train
male,Tome,aramaic,0,train
male,Tom,aramaic,3270,train
male,Thompson,aramaic,5137,train
male,Thaddeus,aramaic,1450,train
male,Bartlomiej,aramaic,5219,train
male,Thadeus,aramaic,4245,train
male,Tomey,aramaic,0,train
male,Tommaso,aramaic,4961,train
male,Raziel,aramaic,4488,train
male,Thomason,aramaic,0,train
male,Thaddaeus,aramaic,5466,val
male,Taddeusz,aramaic,0,val
male,Tomasz,aramaic,5024,val
male,Bartholomew,aramaic,5318,val
male,Thomson,aramaic,0,val
male,Saahdia,aramaic,0,test
male,Barth,aramaic,3481,test
male,Thaddaos,aramaic,0,test
male,Bartow,aramaic,2870,test
male,Seadya,aramaic,0,test
male,Bartolomeo,aramaic,2152,test
female,Sheera,aramaic,0,train
female,Razi,aramaic,5811,train
female,Tabita,aramaic,5531,train
female,Tabitha,aramaic,1546,train
female,Tomasine,aramaic,0,train
female,Tomina,aramaic,0,train
female,Anina,aramaic,5852,train
female,Nur,aramaic,5578,train
female,Marti,aramaic,5595,train
female,Sheraa,aramaic,0,train
female,Martha,aramaic,1305,train
female,Tommi,aramaic,5617,train
female,Nura,aramaic,5158,train
female,Tabatha,aramaic,4276,train
female,Thaddie,aramaic,0,train
female,Shyra,aramaic,5512,train
female,Thomasin,aramaic,0,train
female,Talita,aramaic,0,train
female,Tabbee,aramaic,0,train
female,Thomasine,aramaic,4044,train
female,Tabbitha,aramaic,5161,train
female,Razili,aramaic,0,train
female,Thadee,aramaic,0,train
female,Thomazine,aramaic,0,train
female,Aram,aramaic,3270,train
female,Noor,aramaic,1641,train
female,Raziela,aramaic,0,train
female,Tabotha,aramaic,0,train
female,Tabbie,aramaic,0,train
female,Tommye,aramaic,3504,train
female,Tabytha,aramaic,5811,train
female,Tada,aramaic,0,train
female,Matha,aramaic,2679,train
female,Taddie,aramaic,0,train
female,Sheralle,aramaic,0,train
female,Sherah,aramaic,4536,train
female,Shera,aramaic,5165,train
female,Raziella,aramaic,0,train
female,Tabetha,aramaic,5684,val
female,Tommie,aramaic,4591,val
female,Marfa,aramaic,3898,val
female,Talitha,aramaic,4488,val
female,Thomasina,aramaic,5597,val
female,Tabby,aramaic,3919,val
female,Noura,aramaic,5466,val
female,Tadda,aramaic,0,val
female,Tabbey,aramaic,0,test
female,Raziah,aramaic,5188,test
female,Tomasina,aramaic,3504,test
female,Talisha,aramaic,5595,test
female,Nour,aramaic,2913,test
female,Tabbi,aramaic,0,test
female,Thaddea,aramaic,0,test
female,Tam,aramaic,5297,test
female,Thomasa,aramaic,2608,test
male,Remington,british,475,train
male,Jake,british,342,train
male,Harper,british,43,train
male,Eduardo,british,484,train
male,Jackson,british,24,train
male,Steven,british,259,train
male,Emerson,british,273,train
male,King,british,311,train
male,Dean,british,420,train
male,Tucker,british,312,train
male,Edward,british,293,train
male,Myles,british,425,train
male,River,british,381,train
male,Ryder,british,165,train
male,Cooper,british,135,train
male,Rylan,british,362,train
male,Jaxson,british,134,train
male,Braxton,british,216,train
male,Emery,british,325,train
male,Chance,british,466,train
male,Preston,british,269,train
male,Grayson,british,90,train
male,Wyatt,british,54,train
male,Kinsley,british,310,train
male,Waylon,british,471,train
male,Colton,british,97,train
male,Presley,british,396,train
male,Tanner,british,391,train
male,Landon,british,61,train
male,Ryleigh,british,410,train
male,Corbin,british,375,train
male,Bryan,british,271,train
male,Graham,british,361,train
male,Sawyer,british,147,train
male,Harrison,british,224,train
male,Oscar,british,331,val
male,Everett,british,301,val
male,Hayden,british,148,val
male,Hudson,british,123,val
male,Lincoln,british,136,val
male,Kingston,british,293,val
male,Easton,british,133,val
male,Weston,british,244,test
male,Everly,british,387,test
male,Wesley,british,226,test
male,Brandon,british,107,test
male,Jameson,british,290,test
male,Jaxon,british,67,test
male,Jax,british,391,test
male,Greyson,british,236,test
male,Jack,british,57,test
female,Kimberly,british,250,train
female,Faith,british,191,train
female,Mason,british,6,train
female,Bradley,british,331,train
female,Hope,british,483,train
female,Avery,british,29,train
female,Beckett,british,453,train
female,Spencer,british,426,train
female,Reid,british,479,train
female,Kendall,british,271,train
female,Lyla,british,319,train
female,Hazel,british,248,train
female,Paxton,british,480,train
female,Summer,british,399,train
female,Ivy,british,337,train
female,Bentley,british,138,train
female,Addison,british,81,train
female,Hunter,british,52,train
female,Sydney,british,253,train
female,Parker,british,80,train
female,Piper,british,180,train
female,Ruby,british,211,train
female,Carter,british,33,train
female,Maxwell,british,186,train
female,Audrey,british,112,train
female,Autumn,british,169,train
female,Hailey,british,144,train
female,Willow,british,316,val
female,Blake,british,119,val
female,Daisy,british,402,val
female,Ashley,british,199,val
female,Jade,british,318,val
female,Ashton,british,246,test
female,Hadley,british,237,test
female,Tyler,british,103,test
female,Paige,british,313,test
female,Riley,british,78,test
female,Bailey,british,238,test
female,Madison,british,40,test
male,Cevin,celtic,0,train
male,Aengus,celtic,0,train
male,Artor,celtic,0,train
male,Murrow,celtic,0,train
male,Avon,celtic,5852,train
male,Pembroke,celtic,0,train
male,Murough,celtic,0,train
male,Arthur,celtic,579,train
male,Annan,celtic,0,train
male,Aart,celtic,0,train
male,Kimbal,celtic,0,train
male,Tramaine,celtic,4575,train
male,Arturo,celtic,1038,train
male,Tristram,celtic,0,train
male,Dugall,celtic,0,train
male,Morrowe,celtic,0,train
male,Cahal,celtic,0,train
male,Kinkade,celtic,0,train
male,Murrough,celtic,0,train
male,Tremaine,celtic,3400,train
male,Angus,celtic,3147,train
male,Tristam,celtic,0,train
male,Aonghus,celtic,0,train
male,Arther,celtic,3352,train
male,Tremain,celtic,5516,train
male,Hearn,celtic,0,train
male,Tristian,celtic,1669,train
male,Kincaid,celtic,5643,train
male,Arthuro,celtic,4406,val
male,Tremayne,celtic,5466,val
male,Artur,celtic,5020,val
male,Tramain,celtic,0,val
male,Tramayne,celtic,4517,val
male,Kimbell,celtic,0,val
male,Herin,celtic,0,test
male,Kimball,celtic,4227,test
male,Pembrook,celtic,0,test
male,Kimble,celtic,3289,test
male,Kimbel,celtic,0,test
male,Arthor,celtic,2714,test
female,Caylei,celtic,0,train
female,Birigita,celtic,0,train
female,Brigantia,celtic,0,train
female,Artis,celtic,5466,train
female,Ardra,celtic,0,train
female,Arlynn,celtic,5466,train
female,Sabrene,celtic,0,train
female,Tristan,celtic,176,train
female,Brionne,celtic,5170,train
female,Cauleyne,celtic,0,train
female,Camey,celtic,0,train
female,Tris,celtic,0,train
female,Zabrina,celtic,4600,train
female,Afrika,celtic,3460,train
female,Arthurine,celtic,3107,train
female,Allie,celtic,523,train
female,Pandra,celtic,0,train
female,Ciarrah,celtic,0,train
female,Ennis,celtic,5617,train
female,Sabreen,celtic,5684,train
female,Sabrina,celtic,653,train
female,Sabrinna,celtic,5617,train
female,Ciar,celtic,0,train
female,Avalon,celtic,2323,train
female,Caeley,celtic,5515,train
female,Diddie,celtic,0,train
female,Triston,celtic,1664,train
female,Ciannait,celtic,0,train
female,Morrow,celtic,0,train
female,Al,celtic,5504,train
female,Artrice,celtic,0,train
female,Trystan,celtic,2323,train
female,Artie,celtic,4216,train
female,Sabrena,celtic,5170,train
female,Sebreena,celtic,0,train
female,Diva,celtic,5617,val
female,Camie,celtic,4227,val
female,Artice,celtic,2870,val
female,Arlana,celtic,3923,val
female,Sabryna,celtic,5578,val
female,Arlina,celtic,3011,val
female,Brionna,celtic,5418,val
female,Colleene,celtic,0,test
female,Sabreena,celtic,5318,test
female,Binnie,celtic,2617,test
female,Sebrina,celtic,5545,test
female,Tristin,celtic,1982,test
female,Cieria,celtic,0,test
female,Africa,celtic,5418,test
female,Tristen,celtic,998,test
male,Schylar,danish,0,train
male,Ryker,danish,274,train
male,Kort,danish,5451,train
male,Kylor,danish,0,train
male,Aad,danish,0,train
male,Vann,danish,4591,train
male,Vandyke,danish,0,train
male,Kyler,danish,523,train
male,Skyller,danish,0,train
male,Skyelar,danish,5188,train
male,Cuyler,danish,0,train
male,Soren,danish,1254,train
male,Skielar,danish,0,train
male,Dierick,danish,0,train
male,Skuyler,danish,0,train
male,Skylor,danish,5790,train
male,Niels,danish,5578,train
male,Skielor,danish,0,train
male,Skylen,danish,0,train
male,Dierck,danish,0,val
male,Schuylar,danish,0,val
male,Gerritt,danish,0,val
male,Gerrit,danish,5466,val
male,Roosevelt,danish,4591,test
male,Dirk,danish,5466,test
male,Dieric,danish,0,test
male,Knud,danish,0,test
male,Riker,danish,3801,test
female,Yanisha,danish,0,train
female,Karryn,danish,0,train
female,Karen,danish,927,train
female,Ib,danish,0,train
female,Skyler,danish,369,train
female,Tynisha,danish,5578,train
female,Marial,danish,0,train
female,Dahnisha,danish,0,train
female,Raenisha,danish,0,train
female,Helisa,danish,0,train
female,Jette,danish,0,train
female,Renske,danish,0,train
female,Kerrynn,danish,0,train
female,Marika,danish,5024,train
female,Karan,danish,4694,train
female,Kerran,danish,0,train
female,Tanishia,danish,4606,train
female,Taniesha,danish,5127,train
female,Helsa,danish,0,train
female,Rie,danish,0,train
female,Janisha,danish,5684,train
female,Tanisha,danish,3652,train
female,Van,danish,1558,train
female,Carryn,danish,0,train
female,Tanysha,danish,0,train
female,Tannisha,danish,4044,train
female,Marijke,danish,0,train
female,Marieke,danish,0,train
female,Mariel,danish,3094,train
female,Mariske,danish,0,train
female,Kerron,danish,0,train
female,Jetta,danish,5703,train
female,Marlele,danish,0,train
female,Daniesha,danish,4816,train
female,Davisha,danish,5127,train
female,Jannisha,danish,0,train
female,Caronn,danish,0,val
female,Danisha,danish,4986,val
female,Denesha,danish,4353,val
female,Denisha,danish,4786,val
female,Maryka,danish,0,val
female,Schuyler,danish,4600,val
female,Manisha,danish,5527,val
female,Kerynne,danish,0,test
female,Taren,danish,5161,test
female,Karna,danish,4245,test
female,Maryk,danish,0,test
female,Karren,danish,3273,test
female,Marike,danish,0,test
female,Taunisha,danish,0,test
female,Lanisha,danish,5459,test
female,Ria,danish,2841,test
male,Dariel,french,1606,train
male,Austin,french,98,train
male,Marshall,french,607,train
male,Dax,french,1156,train
male,Curtis,french,1035,train
male,Gage,french,373,train
male,Gilberto,french,1813,train
male,Chase,french,120,train
male,Marcelo,french,1471,train
male,Tyson,french,523,train
male,Gilbert,french,1765,train
male,Warren,french,849,train
male,Miguel,french,267,train
male,Harvey,french,977,train
male,Forrest,french,1402,train
male,Marcel,french,1659,train
male,Jon,french,1274,train
male,Case,french,916,train
male,Russell,french,785,train
male,Marquis,french,1546,train
male,Chevy,french,1698,train
male,Daxton,french,962,val
male,Lance,french,1048,val
male,Denver,french,1606,val
male,Channing,french,1197,val
male,Porter,french,719,test
male,Travis,french,473,test
male,Bruce,french,770,test
male,Cannon,french,1057,test
male,Marc,french,1266,test
male,Calvin,french,327,test
female,Scarlett,french,102,train
female,Noel,french,627,train
female,Remi,french,1121,train
female,Belle,french,1730,train
female,Mallory,french,731,train
female,Lacey,french,890,train
female,Marie,french,1040,train
female,Mavis,french,1841,train
female,Andre,french,532,train
female,Annabell,french,1546,train
female,Desiree,french,1247,train
female,Chanel,french,1171,train
female,Aileen,french,1030,train
female,Lainey,french,1038,train
female,Rene,french,1510,train
female,Liana,french,1043,train
female,Evelyn,french,56,train
female,Jewel,french,1490,train
female,Scarlet,french,738,train
female,Renee,french,1584,train
female,Magnolia,french,1419,train
female,Joelle,french,1733,train
female,Chandler,french,704,train
female,Julie,french,770,train
female,Destinee,french,1681,train
female,Noelle,french,517,train
female,Joanna,french,648,train
female,Demi,french,1160,train
female,Darrell,french,1656,train
female,Courtney,french,1099,train
female,Destiny,french,354,train
female,Taylor,french,151,train
female,Scarlette,french,1587,train
female,Beau,french,431,train
female,Max,french,202,train
female,Denise,french,1365,train
female,Faye,french,1539,train
female,Delaney,french,546,train
female,Lucille,french,670,train
female,Quincy,french,1044,train
female,Colette,french,955,train
female,Rosalie,french,622,val
female,Lyric,french,487,val
female,Maci,french,539,val
female,Esme,french,1421,val
female,Remy,french,874,val
female,Jacqueline,french,515,val
female,Macie,french,703,val
female,Auda,french,1422,val
female,Alisson,french,1533,test
female,Dixie,french,1339,test
female,Macy,french,697,test
female,Genevieve,french,443,test
female,Anabelle,french,870,test
female,Cole,french,207,test
female,Jolie,french,1350,test
female,Macey,french,1536,test
female,Cade,french,697,test
female,Serenity,french,157,test
male,Gordie,gaelic,3504,train
male,Allen,gaelic,719,train
male,Coleman,gaelic,1821,train
male,Arland,gaelic,3011,train
male,Kylar,gaelic,2774,train
male,Tyrone,gaelic,1627,train
male,Arlin,gaelic,4157,train
male,Sullivan,gaelic,911,train
male,Mackie,gaelic,3196,train
male,Aidyn,gaelic,1802,train
male,Gorden,gaelic,3294,train
male,Mac,gaelic,2290,train
male,Kylan,gaelic,1247,train
male,Irving,gaelic,2671,train
male,Murry,gaelic,3127,train
male,Tyron,gaelic,3801,train
male,Conley,gaelic,4080,train
male,Torin,gaelic,2377,train
male,Kael,gaelic,2226,train
male,Macklin,gaelic,3967,train
male,Irven,gaelic,2634,train
male,Glenville,gaelic,2875,val
male,Eiden,gaelic,3438,val
male,Duffy,gaelic,3086,val
male,Aedan,gaelic,2025,val
male,Aydan,gaelic,1721,test
male,Irvin,gaelic,2226,test
male,Mackey,gaelic,3011,test
male,Duff,gaelic,3107,test
male,Aydin,gaelic,1504,test
female,Aiden,gaelic,21,train
female,Kaili,gaelic,3470,train
female,Kellin,gaelic,2949,train
female,Shaylee,gaelic,2190,train
female,Aden,gaelic,658,train
female,Kayli,gaelic,2856,train
female,Kayleen,gaelic,1828,train
female,Treasa,gaelic,4245,train
female,Meegan,gaelic,3678,train
female,Keeley,gaelic,2323,train
female,Shea,gaelic,1705,train
female,Aila,gaelic,2740,train
female,Eileen,gaelic,1240,train
female,Bridgette,gaelic,2343,train
female,Eryn,gaelic,2392,train
female,Blayne,gaelic,3600,train
female,Collene,gaelic,3649,train
female,Logan,gaelic,14,train
female,Kalen,gaelic,3470,train
female,Kylen,gaelic,1853,train
female,Aydenn,gaelic,3702,train
female,Arlen,gaelic,4157,train
female,Blane,gaelic,4227,train
female,Regan,gaelic,1672,train
female,Keely,gaelic,2553,train
female,Breck,gaelic,3333,train
female,Raegan,gaelic,638,train
female,Blaine,gaelic,1261,train
female,Brigid,gaelic,2929,train
female,Kaylea,gaelic,3977,train
female,Shae,gaelic,2760,train
female,Kyle,gaelic,314,train
female,Ryan,gaelic,44,train
female,Caelan,gaelic,3801,train
female,Rowan,gaelic,336,train
female,Kaylee,gaelic,146,train
female,Bevin,gaelic,3335,train
female,Shannan,gaelic,4127,train
female,Kellen,gaelic,870,train
female,Shayla,gaelic,1324,train
female,Colleen,gaelic,2632,train
female,Shay,gaelic,2247,train
female,Bridget,gaelic,988,val
female,Gael,gaelic,398,val
female,Kellan,gaelic,747,val
female,Roanne,gaelic,3342,val
female,Rian,gaelic,2145,val
female,Erin,gaelic,634,val
female,Shannon,gaelic,1623,val
female,Cailin,gaelic,3470,val
female,Bridgitte,gaelic,3573,val
female,Kaylene,gaelic,3045,test
female,Brenna,gaelic,1347,test
female,Aidan,gaelic,338,test
female,Makena,gaelic,1937,test
female,Reagan,gaelic,235,test
female,Kaylei,gaelic,3270,test
female,Kalie,gaelic,3600,test
female,Kailee,gaelic,1460,test
female,Ayden,gaelic,110,test
male,Liam,german,5,train
male,Roger,german,1135,train
male,Lewis,german,1139,train
male,Ricardo,german,474,train
male,Otto,german,1217,train
male,William,german,9,train
male,Armando,german,782,train
male,Leonidas,german,1089,train
male,Richard,german,252,train
male,Hank,german,1124,train
male,Leonard,german,1321,train
male,Charles,german,76,train
male,Rodney,german,1373,train
male,Bruno,german,1339,train
male,Conrad,german,1251,train
male,Jeffery,german,1299,train
male,Leonardo,german,205,train
male,Walter,german,663,train
male,Lucas,german,25,train
male,Barrett,german,666,train
male,Derek,german,383,train
male,Roland,german,1186,train
male,Raymond,german,489,train
male,Gunner,german,450,train
male,Ernesto,german,1258,train
male,Gunnar,german,748,val
male,Alberto,german,1030,val
male,Jeffrey,german,493,val
male,Derrick,german,691,val
male,Guillermo,german,1295,val
male,Albert,german,850,test
male,Alan,german,306,test
male,Carl,german,1176,test
male,Robert,german,92,test
male,Frederick,german,989,test
male,Henry,german,48,test
female,Royce,german,933,train
female,Ada,german,725,train
female,Adelaide,german,616,train
female,Charlotte,german,41,train
female,Adele,german,1332,train
female,Robin,german,1350,train
female,Aubrie,german,803,train
female,Charlee,german,622,train
female,Allyson,german,652,train
female,Fernanda,german,960,train
female,Emma,german,1,train
female,Heidi,german,672,train
female,Kate,german,440,train
female,Adalyn,german,348,train
female,Terry,german,1193,train
female,Adelynn,german,614,train
female,Carolyn,german,1286,train
female,Joselyn,german,1132,train
female,Charleigh,german,977,train
female,Brooke,german,315,train
female,Giselle,german,450,train
female,Charley,german,892,train
female,Halle,german,1329,train
female,Mina,german,1222,train
female,Caroline,german,154,train
female,Ella,german,58,train
female,Dustin,german,857,train
female,Greta,german,1071,train
female,Hattie,german,1061,train
female,Aubree,german,160,train
female,Carolina,german,766,train
female,Alyson,german,1081,train
female,Brooklyn,german,84,train
female,Charli,german,1106,train
female,Willa,german,972,train
female,Marley,german,386,train
female,Adeline,german,457,train
female,Lorelei,german,879,val
female,Roberto,german,682,val
female,Adelyn,german,426,val
female,Alice,german,233,val
female,Brooklynn,german,356,val
female,Alicia,german,668,val
female,Jocelyn,german,265,val
female,Eloise,german,610,val
female,Ricky,german,1016,test
female,Brooks,german,460,test
female,Charlie,german,228,test
female,Frank,german,663,test
female,Allison,german,115,test
female,Matilda,german,1051,test
female,Elisha,german,1261,test
female,Alison,german,585,test
female,Aubrey,german,66,test
male,Kojo,ghanaian,0,train
male,Kwamina,ghanaian,0,train
male,Kwashi,ghanaian,0,train
male,Kosi,ghanaian,0,train
male,Kodzo,ghanaian,0,train
male,Kwassi,ghanaian,0,train
male,Kwasi,ghanaian,4488,train
male,Kofi,ghanaian,4553,train
male,Afi,ghanaian,0,train
male,Kwami,ghanaian,0,val
male,Osei,ghanaian,4517,test
male,Kwesi,ghanaian,5515,test
male,Kwame,ghanaian,5466,test
female,Ashaunta,ghanaian,0,train
female,Ashanti,ghanaian,2017,train
female,Asante,ghanaian,5158,train
female,Ajo,ghanaian,0,train
female,Abraba,ghanaian,0,train
female,Ashantee,ghanaian,4624,train
female,Efua,ghanaian,0,train
female,Ashaunti,ghanaian,3269,train
female,Akwasiba,ghanaian,0,train
female,Ashante,ghanaian,5135,train
female,Ashantae,ghanaian,0,train
female,Ashanta,ghanaian,5684,train
female,Amma,ghanaian,4536,train
female,Abina,ghanaian,0,train
female,Ajua,ghanaian,0,train
female,Ashaunte,ghanaian,0,train
female,Ashuntae,ghanaian,0,train
female,Abena,ghanaian,5703,train
female,Afua,ghanaian,5549,train
female,Ashauntee,ghanaian,0,train
female,Shauntee,ghanaian,0,train
female,Aju,ghanaian,0,val
female,Ashantay,ghanaian,0,val
female,Adwowa,ghanaian,0,val
female,Ama,ghanaian,5254,val
female,Akosua,ghanaian,4924,test
female,Afia,ghanaian,5504,test
female,Akosia,ghanaian,0,test
female,Afiwa,ghanaian,0,test
female,Shauntae,ghanaian,4594,test
male,Gregory,greek,599,train
male,Damien,greek,468,train
male,Sebastian,greek,49,train
male,Philip,greek,760,train
male,Alexander,greek,13,train
male,Stephen,greek,482,train
male,George,greek,239,train
male,Theodore,greek,223,train
male,Xander,greek,394,train
male,Luke,greek,38,train
male,Phillip,greek,760,train
male,Peter,greek,378,train
male,Deacon,greek,822,train
male,Andrew,greek,32,train
male,Jasper,greek,408,train
male,Orion,greek,741,train
male,Lukas,greek,436,train
male,Hector,greek,553,train
male,Damon,greek,783,val
male,Angelo,greek,602,val
male,Timothy,greek,241,val
male,Nicholas,greek,87,test
male,Nicolas,greek,353,test
male,Julius,greek,586,test
male,Leon,greek,612,test
male,Christopher,greek,39,test
female,Sofia,greek,45,train
female,Selena,greek,675,train
female,Nicole,greek,305,train
female,Alyssa,greek,182,train
female,Catalina,greek,702,train
female,Lydia,greek,196,train
female,Melany,greek,834,train
female,Alondra,greek,692,train
female,Vanessa,greek,379,train
female,Elena,greek,286,train
female,Callie,greek,406,train
female,Alina,greek,416,train
female,Eliza,greek,446,train
female,Stephanie,greek,438,train
female,Phoenix,greek,467,train
female,Zoe,greek,106,train
female,Melissa,greek,471,train
female,Andrea,greek,298,train
female,Athena,greek,422,train
female,Sophia,greek,4,train
female,Evangeline,greek,567,train
female,Margaret,greek,372,train
female,Kira,greek,678,train
female,Kathryn,greek,591,train
female,Iris,greek,508,train
female,Tiffany,greek,819,train
female,Jude,greek,278,train
female,Catherine,greek,374,train
female,Elaina,greek,575,train
female,Kaitlyn,greek,358,train
female,Elliana,greek,601,train
female,Damian,greek,179,train
female,Khloe,greek,200,train
female,Alessandra,greek,609,train
female,Chloe,greek,59,train
female,Daphne,greek,688,train
female,Alexis,greek,121,train
female,Angel,greek,73,train
female,Anastasia,greek,507,train
female,Phoebe,greek,604,train
female,Alexandria,greek,444,train
female,Melanie,greek,190,train
female,Sophie,greek,212,train
female,Angela,greek,414,train
female,Melody,greek,359,val
female,Katherine,greek,194,val
female,Ellie,greek,150,val
female,Eleanor,greek,187,val
female,Maggie,greek,497,val
female,Angelina,greek,349,val
female,Alexa,greek,161,val
female,Helen,greek,766,val
female,Cora,greek,243,val
female,Lexi,greek,505,test
female,Paris,greek,527,test
female,Alayna,greek,458,test
female,Alexandra,greek,220,test
female,Penelope,greek,129,test
female,Mya,greek,320,test
female,Zoey,greek,74,test
female,Tessa,greek,465,test
female,Alexia,greek,551,test
female,Alex,greek,221,test
female,Julian,greek,68,test
male,Alohilani,hawaiian,5515,train
male,Kaimi,hawaiian,5790,train
male,Anekelea,hawaiian,0,train
male,Makani,hawaiian,5578,train
male,Kana,hawaiian,5466,train
male,Aloiki,hawaiian,0,train
male,Keanu,hawaiian,2343,train
male,Kanoa,hawaiian,3967,train
male,Keoki,hawaiian,5193,val
male,Keoni,hawaiian,3071,test
male,Aukai,hawaiian,5188,test
male,Kimo,hawaiian,4796,test
female,Kalei,hawaiian,4276,train
female,Allene,hawaiian,3919,train
female,Alawna,hawaiian,0,train
female,Alanna,hawaiian,970,train
female,Miliani,hawaiian,4832,train
female,Louann,hawaiian,4536,train
female,Leilani,hawaiian,459,train
female,Nalani,hawaiian,2266,train
female,Melia,hawaiian,2463,train
female,Aloha,hawaiian,2554,train
female,Apona,hawaiian,0,train
female,Nana,hawaiian,3911,train
female,Alane,hawaiian,4606,train
female,Aleyne,hawaiian,0,train
female,Alleynah,hawaiian,0,train
female,Allana,hawaiian,3801,train
female,Luann,hawaiian,5504,train
female,Oleen,hawaiian,2965,train
female,Luanna,hawaiian,5527,train
female,Anuhea,hawaiian,3911,train
female,Alanah,hawaiian,2118,train
female,Aonani,hawaiian,0,train
female,Luwana,hawaiian,3253,train
female,Lanah,hawaiian,5158,train
female,Noelani,hawaiian,3045,train
female,Halia,hawaiian,5466,train
female,Lani,hawaiian,3755,train
female,Kalani,hawaiian,1664,train
female,Malea,hawaiian,4986,train
female,Palila,hawaiian,0,train
female,Kanani,hawaiian,5364,train
female,Alaina,hawaiian,412,train
female,Kalia,hawaiian,2094,train
female,Aolani,hawaiian,4227,train
female,Louanne,hawaiian,3919,train
female,Allina,hawaiian,5418,train
female,Allinah,hawaiian,0,train
female,Ani,hawaiian,2686,train
female,Ailani,hawaiian,2567,train
female,Luanne,hawaiian,3767,train
female,Aleyna,hawaiian,2825,train
female,Alamea,hawaiian,0,train
female,Alonna,hawaiian,3400,train
female,Alene,hawaiian,5595,train
female,Kina,hawaiian,4536,train
female,Keilani,hawaiian,2463,train
female,Mahina,hawaiian,4832,train
female,Alayne,hawaiian,3923,train
female,Iolani,hawaiian,5578,train
female,Lalani,hawaiian,5527,train
female,Malia,hawaiian,666,train
female,Louanna,hawaiian,3253,train
female,Lanna,hawaiian,4311,train
female,Malana,hawaiian,4387,train
female,Kailani,hawaiian,1716,val
female,Aleynah,hawaiian,0,val
female,Allyna,hawaiian,5211,val
female,Alani,hawaiian,1127,val
female,Keala,hawaiian,5024,val
female,Pali,hawaiian,0,val
female,Olina,hawaiian,5466,val
female,Luana,hawaiian,3652,val
female,Keilana,hawaiian,4108,val
female,Malina,hawaiian,2367,val
female,Alleen,hawaiian,2541,val
female,Alie,hawaiian,5504,test
female,Alleyne,hawaiian,2433,test
female,Kani,hawaiian,5527,test
female,Alanis,hawaiian,1999,test
female,Kalea,hawaiian,2290,test
female,Anela,hawaiian,3270,test
female,Maleia,hawaiian,4961,test
female,Kaloni,hawaiian,5504,test
female,Kamea,hawaiian,4892,test
female,Lanai,hawaiian,5527,test
female,Kaleah,hawaiian,1912,test
female,Maleah,hawaiian,1220,test
female,Ulani,hawaiian,5852,test
male,Ezekiel,hebrew,322,train
male,Zion,hebrew,409,train
male,Isaac,hebrew,42,train
male,Amir,hebrew,395,train
male,Isaiah,hebrew,70,train
male,Adam,hebrew,122,train
male,Jonah,hebrew,249,train
male,Noah,hebrew,3,train
male,Ezra,hebrew,203,train
male,Jason,hebrew,113,train
male,Levi,hebrew,64,train
male,John,hebrew,37,train
male,Jacob,hebrew,8,train
male,Kaleb,hebrew,266,train
male,Elliott,hebrew,388,train
male,Jase,hebrew,185,train
male,Abraham,hebrew,324,train
male,Jesus,hebrew,201,train
male,Asher,hebrew,153,train
male,Abel,hebrew,296,train
male,David,hebrew,25,train
male,Emmanuel,hebrew,299,train
male,Elijah,hebrew,17,train
male,Malachi,hebrew,321,train
male,Axel,hebrew,257,train
male,Zachary,hebrew,127,train
male,Matthew,hebrew,22,train
male,Nathan,hebrew,53,train
male,Aaron,hebrew,75,train
male,Joel,hebrew,279,train
male,Ethan,hebrew,10,train
male,Mateo,hebrew,188,val
male,Jonathan,hebrew,63,val
male,Samuel,hebrew,34,val
male,Caleb,hebrew,50,val
male,Elias,hebrew,183,val
male,Joshua,hebrew,36,val
male,Jace,hebrew,99,test
male,Jeremiah,hebrew,85,test
male,Joseph,hebrew,27,test
male,Nathaniel,hebrew,159,test
male,Benjamin,hebrew,18,test
male,Elliot,hebrew,351,test
male,Josiah,hebrew,96,test
male,Daniel,hebrew,16,test
female,Aliyah,hebrew,370,train
female,Michelle,hebrew,411,train
female,Samantha,hebrew,108,train
female,Rebecca,hebrew,404,train
female,Sadie,hebrew,139,train
female,Naomi,hebrew,189,train
female,Makayla,hebrew,295,train
female,Isabella,hebrew,7,train
female,Brielle,hebrew,280,train
female,Micah,hebrew,181,train
female,Aaliyah,hebrew,137,train
female,Aria,hebrew,104,train
female,Ava,hebrew,11,train
female,Delilah,hebrew,304,train
female,Jessica,hebrew,401,train
female,Jayce,hebrew,264,train
female,Sara,hebrew,371,train
female,Ariel,hebrew,274,train
female,Madeline,hebrew,206,train
female,Isabel,hebrew,335,train
female,Elizabeth,hebrew,46,train
female,Josephine,hebrew,339,train
female,Jayden,hebrew,20,train
female,Rachel,hebrew,354,train
female,Eden,hebrew,300,train
female,Eva,hebrew,192,train
female,Gabriel,hebrew,35,train
female,Leah,hebrew,111,train
female,Sarah,hebrew,143,train
female,Jesse,hebrew,309,train
female,Michael,hebrew,12,train
female,Eliana,hebrew,270,val
female,Gabriella,hebrew,130,val
female,Eli,hebrew,72,val
female,Anna,hebrew,109,val
female,Jordyn,hebrew,263,val
female,Hannah,hebrew,94,val
female,Genesis,hebrew,166,test
female,Annabelle,hebrew,152,test
female,Jordan,hebrew,62,test
female,Isabelle,hebrew,231,test
female,Abigail,hebrew,28,test
female,Gabrielle,hebrew,380,test
female,Madelyn,hebrew,156,test
female,James,hebrew,15,test
male,Imray,hungarian,0,train
male,Kobe,hungarian,1052,train
male,Sandor,hungarian,5418,train
male,Taybor,hungarian,0,train
male,Taibor,hungarian,0,train
male,Kobey,hungarian,4415,train
male,Ince,hungarian,0,train
male,Koby,hungarian,3243,train
male,Atila,hungarian,0,train
male,Atilano,hungarian,5391,train
male,Imrie,hungarian,0,train
male,Attila,hungarian,5703,train
male,Zoltan,hungarian,3845,train
male,Taber,hungarian,0,train
male,Istvan,hungarian,0,train
male,Imre,hungarian,0,train
male,Sandros,hungarian,0,train
male,Cobi,hungarian,5703,train
male,Cobie,hungarian,5578,train
male,Atilo,hungarian,0,train
male,Imri,hungarian,0,train
male,Cobey,hungarian,5852,val
male,Tavor,hungarian,0,val
male,Ferenc,hungarian,0,val
male,Vilmos,hungarian,0,val
male,Kobi,hungarian,5466,test
male,Cobe,hungarian,5329,test
male,Kobie,hungarian,5578,test
male,Tayber,hungarian,0,test
male,Xandros,hungarian,0,test
male,Attilio,hungarian,3849,test
female,Klari,hungarian,0,train
female,Klothilde,hungarian,0,train
female,Orszebet,hungarian,0,train
female,Klothilda,hungarian,0,train
female,Zigana,hungarian,0,train
female,Zsuzsa,hungarian,0,train
female,Borbala,hungarian,0,train
female,Klara,hungarian,2774,train
female,Tsigana,hungarian,0,train
female,Ilone,hungarian,0,train
female,Yllona,hungarian,0,train
female,Klotilde,hungarian,0,train
female,Karol,hungarian,3045,train
female,Borsca,hungarian,0,train
female,Klothild,hungarian,0,train
female,Klarika,hungarian,0,train
female,Ilonna,hungarian,0,train
female,Zizi,hungarian,0,train
female,Zsuzsanna,hungarian,0,train
female,Ellona,hungarian,0,train
female,Bora,hungarian,5684,train
female,Reza,hungarian,4488,train
female,Ilonka,hungarian,0,train
female,Borsala,hungarian,0,train
female,Elona,hungarian,5578,train
female,Tzigane,hungarian,0,train
female,Ziganna,hungarian,0,train
female,Csilla,hungarian,0,train
female,Illona,hungarian,3086,train
female,Borka,hungarian,0,train
female,Yionna,hungarian,0,val
female,Boriska,hungarian,0,val
female,Klotid,hungarian,0,val
female,Tzigana,hungarian,0,val
female,Vica,hungarian,0,val
female,Klotilda,hungarian,0,val
female,Zsofia,hungarian,0,test
female,ZsaZsa,hungarian,0,test
female,Elonna,hungarian,5811,test
female,Tsigane,hungarian,0,test
female,Ilona,hungarian,5504,test
female,ZsiZsi,hungarian,0,test
female,Karole,hungarian,3530,test
male,Farid,indian,5466,train
male,Ishaan,indian,1563,train
male,Ashwin,indian,3652,train
male,Dharma,indian,5158,train
male,Anand,indian,4704,train
male,Dhruv,indian,2075,train
male,Deshan,indian,0,train
male,Diya,indian,1794,train
male,Ajit,indian,5364,train
male,Sahil,indian,3270,train
male,Ashish,indian,5790,train
male,Devanand,indian,4193,train
male,Ananya,indian,1898,train
male,Naman,indian,4965,train
male,Anil,indian,5595,train
male,Mahesh,indian,5441,train
male,Agastya,indian,4227,train
male,Darsh,indian,4019,train
male,Chaitanya,indian,5595,train
male,Akshay,indian,4311,train
male,Avinash,indian,5137,val
male,Devendra,indian,5441,val
male,Arun,indian,5188,val
male,Varun,indian,3755,val
male,Ajay,indian,2447,test
male,Amrit,indian,3977,test
male,Deval,indian,5144,test
male,Sajan,indian,5297,test
male,Nikhil,indian,1982,test
female,Anjali,indian,2218,train
female,Amulya,indian,5504,train
female,Shantay,indian,5545,train
female,Charita,indian,4935,train
female,Aja,indian,3400,train
female,Shantae,indian,5391,train
female,Hansika,indian,4600,train
female,Anaka,indian,5811,train
female,Anjuli,indian,5549,train
female,Rachana,indian,5072,train
female,Vanita,indian,4591,train
female,Shanta,indian,5280,train
female,Rashanda,indian,3872,train
female,Ishana,indian,5137,train
female,Tanaya,indian,5193,train
female,Shalee,indian,5684,train
female,Tanea,indian,5684,train
female,Shyla,indian,2173,train
female,Shakila,indian,5531,train
female,Deva,indian,4788,train
female,Akhila,indian,5578,train
female,Shalene,indian,5531,train
female,Niesha,indian,5811,train
female,Salena,indian,4553,train
female,Devi,indian,5211,train
female,Dhara,indian,5460,train
female,Candy,indian,3177,train
female,Salina,indian,3911,train
female,Neena,indian,5418,train
female,Devika,indian,5578,train
female,Shaleena,indian,5381,train
female,Jaya,indian,2541,train
female,Aditi,indian,2238,train
female,Amberlie,indian,5578,train
female,Alka,indian,2693,train
female,Deven,indian,2313,train
female,Amisha,indian,5466,train
female,Shakeela,indian,5447,train
female,Anila,indian,5418,train
female,Artha,indian,3504,train
female,Shanti,indian,3916,train
female,Saleena,indian,5280,train
female,Shalina,indian,4994,val
female,Ishani,indian,3554,val
female,Shaan,indian,3019,val
female,Ambar,indian,3438,val
female,Shante,indian,5460,val
female,Nisha,indian,4868,val
female,Divya,indian,3147,val
female,Shantai,indian,4275,val
female,Tenaya,indian,5466,val
female,Neesha,indian,5516,test
female,Monisha,indian,5441,test
female,Anusha,indian,3916,test
female,Shaila,indian,2825,test
female,Shantee,indian,4788,test
female,Sana,indian,2455,test
female,Shalena,indian,5447,test
female,Shalini,indian,5527,test
female,Shylah,indian,4019,test
female,Amar,indian,2281,test
male,Melvin,irish,1273,train
male,Brenden,irish,1382,train
male,Connor,irish,77,train
male,Kieran,irish,1086,train
male,Teagan,irish,481,train
male,Kian,irish,1008,train
male,Brayden,irish,93,train
male,Roy,irish,1053,train
male,Finnley,irish,1421,train
male,Cullen,irish,1167,train
male,Killian,irish,1019,train
male,Kenneth,irish,345,train
male,Darren,irish,983,train
male,Keagan,irish,1402,train
male,Declan,irish,217,train
male,Braeden,irish,1563,train
male,Kane,irish,937,train
male,Finley,irish,331,train
male,Shawn,irish,617,train
male,Braden,irish,707,train
male,Kevin,irish,105,train
male,Desmond,irish,632,train
male,Keegan,irish,440,train
male,Conor,irish,1107,train
male,Troy,irish,510,train
male,Finn,irish,448,train
male,Flynn,irish,1302,val
male,Brendan,irish,687,val
male,Finnegan,irish,916,val
male,Donovan,irish,536,val
male,Grady,irish,673,val
male,Collins,irish,1359,test
male,Ronan,irish,723,test
male,Conner,irish,434,test
male,Braydon,irish,1030,test
male,Brian,irish,302,test
male,Gannon,irish,795,test
male,Brody,irish,155,test
female,Braiden,irish,1594,train
female,Maeve,irish,886,train
female,Nolan,irish,125,train
female,Ryann,irish,1623,train
female,Peyton,irish,100,train
female,Rory,irish,637,train
female,Kiara,irish,684,train
female,Kelly,irish,763,train
female,Nola,irish,1385,train
female,Dillon,irish,773,train
female,Rylie,irish,724,train
female,Shaun,irish,1433,train
female,Kiley,irish,1186,train
female,Devin,irish,455,train
female,Katelyn,irish,375,train
female,Bria,irish,952,train
female,Brady,irish,350,train
female,Keira,irish,477,train
female,Briana,irish,777,train
female,Rowen,irish,1440,train
female,Ashlynn,irish,643,train
female,Rylee,irish,245,train
female,Kennedy,irish,145,train
female,Brennan,irish,754,train
female,Keyla,irish,1465,train
female,Payton,irish,260,train
female,Sloan,irish,1321,train
female,Brodie,irish,1310,train
female,Kylie,irish,174,train
female,Devyn,irish,1380,train
female,Bryanna,irish,1171,train
female,Lana,irish,679,train
female,Kaylie,irish,951,train
female,Cody,irish,413,train
female,Cassidy,irish,513,train
female,Kailey,irish,883,train
female,Casey,irish,746,val
female,Fiona,irish,437,val
female,Molly,irish,291,val
female,Makenzie,irish,400,val
female,Sloane,irish,709,val
female,Sean,irish,347,val
female,Ashlyn,irish,615,val
female,Caylee,irish,1211,test
female,Shane,irish,517,test
female,Emmett,irish,281,test
female,Kyla,irish,685,test
female,Brianna,irish,198,test
female,Kathleen,irish,1221,test
female,Kaleigh,irish,1543,test
female,Kayleigh,irish,572,test
female,Mackenzie,irish,167,test
male,Giulio,italian,4474,train
male,Aldon,italian,4694,train
male,Rico,italian,2202,train
male,Onofre,italian,4536,train
male,Cono,italian,2541,train
male,Amerigo,italian,2875,train
male,Orazio,italian,3734,train
male,Giovanni,italian,222,train
male,Michelangelo,italian,3368,train
male,Geronimo,italian,4387,train
male,Gian,italian,2447,train
male,Donte,italian,2061,train
male,Armani,italian,668,train
male,Geovani,italian,4080,train
male,Roque,italian,4488,train
male,Giovonni,italian,4488,train
male,Emidio,italian,3248,train
male,Karmelo,italian,3554,train
male,Jeronimo,italian,2997,train
male,Onofrio,italian,4363,train
male,Giovani,italian,1504,train
male,Rocco,italian,898,train
male,Giacomo,italian,4387,train
male,Geno,italian,3911,train
male,Carmelo,italian,1232,train
male,Ettore,italian,2390,train
male,Ugo,italian,2627,train
male,Nunzio,italian,4256,train
male,Romeo,italian,671,train
male,Geovany,italian,3911,train
male,Geovanni,italian,2392,val
male,Italo,italian,3601,val
male,Rodolfo,italian,1781,val
male,Giuseppe,italian,2247,val
male,Renzo,italian,3507,val
male,Gino,italian,1794,val
male,Carmello,italian,2793,test
male,Erminio,italian,2711,test
male,Giovanny,italian,1748,test
male,Geovanny,italian,3400,test
male,Gianni,italian,991,test
male,Cosimo,italian,4517,test
male,Alfio,italian,2766,test
male,Enzo,italian,729,test
female,Caprice,italian,4553,train
female,Madonna,italian,4655,train
female,Donna,italian,2266,train
female,Cameo,italian,4645,train
female,Calogera,italian,2721,train
female,Donica,italian,4606,train
female,Ciana,italian,3702,train
female,Gianna,italian,234,train
female,Bianka,italian,3438,train
female,Epifania,italian,3011,train
female,Loreta,italian,2623,train
female,Loretta,italian,2075,train
female,Lucia,italian,485,train
female,Tosca,italian,3860,train
female,Carlota,italian,4591,train
female,Rochelle,italian,3702,train
female,Gaetana,italian,3460,train
female,Donnalee,italian,3477,train
female,Allegra,italian,3333,train
female,Roma,italian,4311,train
female,Romina,italian,1686,train
female,Mona,italian,2997,train
female,Giovana,italian,4474,train
female,Giana,italian,1324,train
female,Geovana,italian,4522,train
female,Silvana,italian,3854,train
female,Brandy,italian,3308,train
female,Giovanna,italian,1507,train
female,Izola,italian,2500,train
female,Zola,italian,2740,train
female,Gianella,italian,3911,train
female,Bianca,italian,704,train
female,Bambi,italian,3446,val
female,Romilda,italian,2517,val
female,Etta,italian,1881,val
female,Blanca,italian,2490,val
female,Cianna,italian,3400,val
female,Capri,italian,2042,val
female,Ortensia,italian,2949,test
female,Donella,italian,2776,test
female,Giavanna,italian,1794,test
female,Josefina,italian,3400,test
female,Sandra,italian,1412,test
female,Donisha,italian,4579,test
female,Bambina,italian,2898,test
female,Gia,italian,706,test
male,Daichi,japanese,5703,train
male,Raiden,japanese,945,train
male,Atsushi,japanese,2608,train
male,Keiji,japanese,5188,train
male,Ken,japanese,2875,train
male,Nick,japanese,2247,train
male,Montaro,japanese,0,train
male,Akira,japanese,1708,train
male,Rai,japanese,5578,train
male,Tadao,japanese,2541,train
male,Akio,japanese,5852,train
male,Kenji,japanese,2720,train
male,Kannon,japanese,1778,train
male,Toru,japanese,2887,train
male,Kaemon,japanese,5852,train
male,Kentaro,japanese,5595,train
male,Mikio,japanese,2783,train
male,Michio,japanese,2693,train
male,Seiji,japanese,5852,train
male,Toshiro,japanese,2848,train
male,Mareo,japanese,4517,val
male,Jiro,japanese,5684,val
male,Makoto,japanese,5364,val
male,Hideo,japanese,2653,val
male,Taro,japanese,2256,test
male,Morio,japanese,2679,test
male,Takeo,japanese,5137,test
male,Hiroshi,japanese,5418,test
male,Minoru,japanese,2097,test
female,Tori,japanese,1291,train
female,Taji,japanese,5578,train
female,Akiko,japanese,5597,train
female,Tomiko,japanese,4599,train
female,Asayo,japanese,2887,train
female,Mariko,japanese,5158,train
female,Sumiko,japanese,4517,train
female,Nariko,japanese,0,train
female,Mikki,japanese,5597,train
female,Akemi,japanese,4704,train
female,Miki,japanese,4488,train
female,Hanako,japanese,5076,train
female,Michi,japanese,3601,train
female,Tamiko,japanese,4809,train
female,Kimiko,japanese,4892,train
female,Torrie,japanese,5790,train
female,Yumiko,japanese,5703,train
female,Amaya,japanese,499,train
female,Tami,japanese,5595,train
female,Kammie,japanese,4591,train
female,Reiko,japanese,5617,train
female,Ayako,japanese,5578,train
female,Osaka,japanese,0,train
female,Mikko,japanese,4311,train
female,Rui,japanese,4916,train
female,Torri,japanese,5466,train
female,Chiyeko,japanese,2766,train
female,Sakura,japanese,3702,train
female,Yuriko,japanese,5161,train
female,Ai,japanese,5703,train
female,Ayame,japanese,5137,train
female,Toshie,japanese,2440,train
female,Miya,japanese,1563,train
female,Sachiko,japanese,5684,train
female,Nikki,japanese,2463,train
female,Emi,japanese,1930,train
female,Yoko,japanese,5531,train
female,Tora,japanese,5466,train
female,Keiko,japanese,5158,train
female,Chiyo,japanese,2965,train
female,Kami,japanese,4019,train
female,Sachi,japanese,4961,train
female,Akyra,japanese,4637,val
female,Tama,japanese,3573,val
female,Asako,japanese,2666,val
female,Kimi,japanese,2949,val
female,Maiyah,japanese,5504,val
female,Eriko,japanese,4594,val
female,Maiya,japanese,2686,val
female,Aiko,japanese,4311,val
female,Rei,japanese,5527,val
female,Nari,japanese,5578,test
female,Midori,japanese,5193,test
female,Kyoko,japanese,4245,test
female,Matsuko,japanese,2508,test
female,Michiko,japanese,4591,test
female,Chieko,japanese,2385,test
female,Noriko,japanese,5204,test
female,Toriana,japanese,5578,test
female,Emiko,japanese,4311,test
female,Aya,japanese,1618,test
male,Emilio,latin,529,train
male,Anthony,latin,30,train
male,Roman,latin,204,train
male,Felix,latin,494,train
male,Paul,latin,364,train
male,Leo,latin,173,train
male,Sergio,latin,580,train
male,Oliver,latin,47,train
male,Archer,latin,565,train
male,Miles,latin,195,train
male,August,latin,418,train
male,Dominic,latin,101,train
male,Titus,latin,537,train
male,Louis,latin,554,train
male,Bennett,latin,292,train
male,Marcus,latin,288,train
male,Victor,latin,277,train
male,Mark,latin,341,train
male,Griffin,latin,456,val
male,Cesar,latin,517,val
male,Mario,latin,495,val
male,Silas,latin,247,val
male,Vincent,latin,184,test
male,Patrick,latin,276,test
male,Martin,latin,486,test
male,Cash,latin,508,test
male,Justin,latin,171,test
female,Emily,latin,23,train
female,Lilly,latin,297,train
female,Lilliana,latin,554,train
female,Luna,latin,330,train
female,Nora,latin,141,train
female,Amy,latin,340,train
female,Aurora,latin,268,train
female,Olive,latin,578,train
female,Juliet,latin,532,train
female,Juliana,latin,357,train
female,Valentina,latin,261,train
female,Elise,latin,368,train
female,Bella,latin,168,train
female,Natalie,latin,79,train
female,Gracie,latin,363,train
female,Maria,latin,262,train
female,Emilia,latin,366,train
female,Olivia,latin,2,train
female,Georgia,latin,511,train
female,Harmony,latin,415,train
female,Adrianna,latin,532,train
female,Vivienne,latin,516,train
female,Jayla,latin,442,train
female,Sage,latin,572,train
female,Natalia,latin,257,train
female,Juliette,latin,523,train
female,Alivia,latin,445,train
female,Claire,latin,132,train
female,Julia,latin,197,train
female,Andy,latin,528,train
female,Valerie,latin,385,train
female,Gemma,latin,549,train
female,Arabella,latin,377,train
female,Amelia,latin,55,train
female,Sienna,latin,542,train
female,Lillian,latin,83,train
female,Victoria,latin,65,train
female,Camille,latin,521,train
female,Rose,latin,423,train
female,Valeria,latin,381,train
female,Stella,latin,163,train
female,Lauren,latin,229,train
female,Norah,latin,365,train
female,Mariah,latin,317,train
female,Violet,latin,164,val
female,Adrian,latin,88,val
female,Lucy,latin,158,val
female,Alana,latin,424,val
female,Liliana,latin,284,val
female,Camila,latin,126,val
female,Nova,latin,564,val
female,Trinity,latin,256,val
female,Cali,latin,429,val
female,Cristian,latin,500,test
female,Adriana,latin,389,test
female,Vivian,latin,232,test
female,Lily,latin,86,test
female,Mary,latin,283,test
female,Grace,latin,69,test
female,Julianna,latin,407,test
female,Miranda,latin,502,test
female,Clara,latin,255,test
female,Christian,latin,60,test
male,Alvis,norse,4536,train
male,Ole,norse,5158,train
male,Roscoe,norse,3702,train
male,Loki,norse,3019,train
male,Rondale,norse,4935,train
male,Thorin,norse,3019,train
male,Brandt,norse,2720,train
male,Eric,norse,219,train
male,Roald,norse,2693,train
male,Osborne,norse,3039,train
male,Arvid,norse,3504,train
male,Lamont,norse,2632,train
male,Hjalmer,norse,2607,train
male,Erick,norse,478,train
male,Ronn,norse,3359,train
male,Ozzie,norse,3702,train
male,Eryk,norse,4986,train
male,Torre,norse,5144,train
male,Wray,norse,3352,train
male,Erik,norse,634,train
male,Aric,norse,4080,train
male,Erich,norse,4157,train
male,Elvis,norse,2075,train
male,Ballard,norse,3294,train
male,Lemond,norse,4363,train
male,Colby,norse,831,train
male,Errick,norse,5112,train
male,Brando,norse,3702,train
male,Arne,norse,3029,train
male,Arik,norse,3652,train
male,Swen,norse,1882,train
male,Thorvald,norse,2643,train
male,Lyall,norse,2786,train
male,Kirk,norse,3308,val
male,Thor,norse,2650,val
male,Colbie,norse,2226,val
male,Vondell,norse,2634,val
male,Rayner,norse,3058,val
male,Osborn,norse,2433,val
male,Erland,norse,2872,val
male,Sven,norse,4387,test
male,Sigurd,norse,2786,test
male,Ronaldo,norse,2190,test
male,Hoyt,norse,3045,test
male,Odin,norse,941,test
male,Von,norse,4488,test
male,Rosco,norse,2835,test
male,Ronald,norse,759,test
female,Shelbie,norse,4986,train
female,Arlan,norse,5158,train
female,Gerda,norse,2498,train
female,Sherica,norse,5144,train
female,Idonia,norse,2875,train
female,Labrenda,norse,3481,train
female,Ronna,norse,4517,train
female,Brantley,norse,214,train
female,Aili,norse,3850,train
female,Kelby,norse,4892,train
female,Olla,norse,2766,train
female,Estella,norse,1611,train
female,Shelby,norse,595,train
female,Tandy,norse,4536,train
female,Shellby,norse,5112,train
female,Rickie,norse,5091,train
female,Helga,norse,3687,train
female,Dagny,norse,4387,train
female,Ola,norse,3680,train
female,Airi,norse,4832,train
female,Ronnie,norse,1453,train
female,Erika,norse,1224,train
female,Lang,norse,4951,train
female,Erikka,norse,4522,train
female,Liv,norse,1396,train
female,Ebba,norse,2724,train
female,Erna,norse,2954,train
female,Shelbi,norse,4740,train
female,Corey,norse,756,train
female,Etoile,norse,2766,val
female,Eryka,norse,4438,val
female,Astrid,norse,1553,val
female,Beck,norse,2702,val
female,Rikki,norse,4347,val
female,Terrell,norse,1594,val
female,Edda,norse,3471,test
female,Ronny,norse,2972,test
female,Estrella,norse,1460,test
female,Tovah,norse,3899,test
female,Brenda,norse,1299,test
female,Ericka,norse,3071,test
female,Erica,norse,1185,test
male,Cy,persian,3400,train
male,Gasper,persian,3573,train
male,Casper,persian,3045,train
male,Darious,persian,5466,train
male,Gaspard,persian,5527,train
male,Caspar,persian,5466,train
male,Derrius,persian,5527,train
male,Naveed,persian,5466,train
male,Darius,persian,935,train
male,Parvaiz,persian,0,train
male,Parwiz,persian,0,train
male,Cyrus,persian,930,train
male,Mendell,persian,0,train
male,Omar,persian,397,train
male,Parviz,persian,0,train
male,Kaspar,persian,0,val
male,Gaspar,persian,4600,val
male,Darrius,persian,3243,val
male,Navid,persian,5211,test
male,Parvez,persian,0,test
male,Mendeley,persian,0,test
male,Mendel,persian,2913,test
female,Roxana,persian,2632,train
female,Jazmine,persian,822,train
female,Darina,persian,4387,train
female,Bebe,persian,5014,train
female,Zarina,persian,3438,train
female,Esther,persian,431,train
female,Darielle,persian,4704,train
female,Ayesha,persian,2210,train
female,Daria,persian,2740,train
female,Jasmyn,persian,3470,train
female,Jessimine,persian,0,train
female,Jasmina,persian,4591,train
female,Darya,persian,4227,train
female,Jasmeen,persian,5466,train
female,Soraya,persian,2126,train
female,Jazan,persian,0,train
female,Padma,persian,5852,train
female,Roshan,persian,3911,train
female,Sadira,persian,5578,train
female,Jazmyne,persian,3368,train
female,Yasmin,persian,1483,train
female,Jazzmine,persian,4986,train
female,Yasamin,persian,5265,train
female,Jazmon,persian,5127,train
female,Jasmine,persian,240,train
female,Cyrena,persian,5617,train
female,Jasmyne,persian,4488,train
female,Jessamy,persian,0,train
female,Padme,persian,0,train
female,Zareen,persian,5512,train
female,Roxy,persian,2929,train
female,Ismenia,persian,4096,train
female,Magali,persian,3197,train
female,Roxi,persian,5578,train
female,Etty,persian,3801,train
female,Cyrene,persian,5466,train
female,Ettie,persian,2653,train
female,Nazneen,persian,0,train
female,Bibi,persian,5364,train
female,Jazmin,persian,749,train
female,Yasmina,persian,3652,train
female,Roxann,persian,5020,train
female,Jazzmin,persian,5024,train
female,Jazmyn,persian,1781,train
female,Jasmin,persian,1239,train
female,Estee,persian,5504,train
female,Roxane,persian,5790,train
female,Roxie,persian,4704,val
female,Yasmeen,persian,2392,val
female,Roxanna,persian,2740,val
female,Darienne,persian,4488,val
female,Starla,persian,3854,val
female,Ester,persian,2632,val
female,Yasmine,persian,1930,val
female,Jaslyn,persian,2210,val
female,Jessamyn,persian,5127,val
female,Darianna,persian,3652,val
female,Yazmin,persian,2050,test
female,Zareena,persian,5466,test
female,Jazzmyn,persian,5418,test
female,Vashti,persian,5852,test
female,Jaslynn,persian,2949,test
female,Cyra,persian,5158,test
female,Essie,persian,5418,test
female,Laleh,persian,0,test
female,Roxanne,persian,1912,test
female,Aryana,persian,1289,test
female,Jassamayn,persian,0,test
male,Marek,polish,2671,train
male,Bogumil,polish,0,train
male,Bratumil,polish,0,train
male,Benedykt,polish,0,train
male,Jedrick,polish,0,train
male,Boleslaw,polish,2898,train
male,Dobieslaw,polish,0,train
male,Boguchwal,polish,0,train
male,Melkior,polish,0,train
male,Bogumierz,polish,0,train
male,Malchior,polish,0,train
male,Jedrek,polish,5364,train
male,Marik,polish,0,train
male,Malkior,polish,0,train
male,Jerzy,polish,0,train
male,Ludoslaw,polish,0,train
male,Melker,polish,0,train
male,Czcibor,polish,0,train
male,Konrad,polish,3197,train
male,Demetrjusz,polish,0,train
male,Apoloniusz,polish,0,train
male,Aleksy,polish,0,train
male,Boryslaw,polish,0,train
male,Apolinary,polish,0,train
male,Kord,polish,0,train
male,Dobroslaw,polish,0,val
male,Egidiusz,polish,0,val
male,Chwalibog,polish,0,val
male,Dionizy,polish,0,val
male,Lubomir,polish,0,val
male,Dobromierz,polish,0,test
male,Knoz,polish,0,test
male,Budzislaw,polish,0,test
male,Melchior,polish,0,test
male,Dobry,polish,0,test
male,Zarek,polish,4387,test
female,Bogumila,polish,0,train
female,Marjon,polish,0,train
female,Jadwige,polish,0,train
female,Edyta,polish,0,train
female,Kassia,polish,5578,train
female,Morela,polish,0,train
female,Basha,polish,5254,train
female,Boguslawa,polish,0,train
female,Klaudia,polish,5158,train
female,Basja,polish,0,train
female,Jadwiga,polish,2320,train
female,Antuaneta,polish,0,train
female,Marjanne,polish,0,val
female,Anastazja,polish,0,val
female,Delja,polish,0,test
female,Basia,polish,5684,test
female,Benedykta,polish,0,test
female,Marjan,polish,5460,test
male,Yury,russian,5127,train
male,Aleksey,russian,5137,train
male,Yegor,russian,5504,train
male,Andrian,russian,5703,train
male,Lev,russian,2409,train
male,Illya,russian,3734,train
male,Igor,russian,4704,train
male,Oleg,russian,5418,val
male,Yuri,russian,2856,test
male,Ilya,russian,3854,test
male,Ilia,russian,3789,test
female,Sacha,russian,5020,train
female,Tianne,russian,4039,train
female,Tiana,russian,1010,train
female,Tiani,russian,4667,train
female,Taisia,russian,0,train
female,Tatiana,russian,1057,train
female,Tahni,russian,0,train
female,Nada,russian,3470,train
female,Alla,russian,5451,train
female,Tatyana,russian,2875,train
female,Lenya,russian,5418,train
female,Tashia,russian,5204,train
female,Khrystyna,russian,5381,train
female,Tanja,russian,5003,train
female,Sasheen,russian,3601,train
female,Khrystyn,russian,0,train
female,Yuridiana,russian,5790,train
female,Tasha,russian,5527,train
female,Tanita,russian,4216,train
female,Tana,russian,5852,train
female,Khristina,russian,5617,train
female,Jalaine,russian,2714,train
female,Tatihana,russian,0,train
female,Nadezhda,russian,5466,train
female,Taina,russian,5137,train
female,Nadiya,russian,4157,train
female,Tiauna,russian,5595,train
female,Nadege,russian,5053,train
female,Zoya,russian,1775,train
female,Nadja,russian,5852,train
female,Tahsha,russian,0,train
female,Tatjana,russian,5531,train
female,Nadia,russian,593,train
female,Tanya,russian,2392,train
female,Tonya,russian,5211,train
female,Tyana,russian,5158,train
female,Tionna,russian,5418,train
female,Khristyna,russian,0,train
female,Jelena,russian,3755,train
female,Tyanna,russian,3652,train
female,Tatiyana,russian,4961,train
female,Yelena,russian,3967,train
female,Tahnya,russian,0,train
female,Zena,russian,4488,train
female,Sitka,russian,0,train
female,Tiona,russian,5318,train
female,Nadya,russian,3507,train
female,Tatyanna,russian,5418,train
female,Jalayna,russian,5158,train
female,Feodora,russian,0,train
female,Tahna,russian,0,train
female,Sasha,russian,1013,train
female,Mischa,russian,4387,train
female,Khrystina,russian,5218,train
female,Czarina,russian,5277,train
female,Tania,russian,1990,val
female,Sascha,russian,5578,val
female,Oksana,russian,5504,val
female,Alena,russian,1124,val
female,Yeva,russian,5466,val
female,Lenushka,russian,0,val
female,Yuliya,russian,5578,val
female,Khristine,russian,4606,val
female,Tiahna,russian,5170,val
female,Tatia,russian,3229,val
female,Zenaida,russian,3600,val
female,Khrystyne,russian,5597,test
female,Tatianna,russian,3270,test
female,Tashina,russian,5617,test
female,Olena,russian,2352,test
female,Taya,russian,3123,test
female,Tashi,russian,4468,test
female,Tawnya,russian,5447,test
female,Tiandra,russian,5617,test
female,Jalena,russian,5418,test
female,Latonya,russian,5684,test
female,Tianna,russian,2154,test
female,Samara,russian,1150,test
female,Taisiya,russian,0,test
male,Milan,sanskrit,587,train
male,Shiva,sanskrit,5504,train
male,Dinesh,sanskrit,5512,train
male,Sanjay,sanskrit,4227,train
male,Vijay,sanskrit,5578,train
male,Arjun,sanskrit,887,train
male,Hari,sanskrit,5158,train
male,Vivek,sanskrit,5466,train
male,Kiran,sanskrit,2632,train
male,Sohan,sanskrit,5466,train
male,Sohil,sanskrit,5684,train
male,Tahj,sanskrit,2323,train
male,Naren,sanskrit,5790,train
male,Arvind,sanskrit,5703,train
male,Indra,sanskrit,5578,train
male,Rajiv,sanskrit,5684,train
male,Kyran,sanskrit,2583,train
male,Tarun,sanskrit,4832,train
male,Rohan,sanskrit,1228,train
male,Rajan,sanskrit,4961,train
male,Ravi,sanskrit,3801,train
male,Ranjit,sanskrit,5531,train
male,Jehan,sanskrit,4484,train
male,Raj,sanskrit,4157,train
male,Arjuna,sanskrit,5578,train
male,Syon,sanskrit,5131,val
male,Jahan,sanskrit,5418,val
male,Kumar,sanskrit,4803,val
male,Sunil,sanskrit,5112,val
male,Deepak,sanskrit,5617,val
male,Ram,sanskrit,5158,test
male,Aadi,sanskrit,3702,test
male,Darshan,sanskrit,5527,test
male,Taj,sanskrit,2338,test
male,Ankur,sanskrit,5170,test
male,Aditya,sanskrit,1937,test
female,Tarra,sanskrit,4951,train
female,Saisha,sanskrit,4832,train
female,Taralynn,sanskrit,4517,train
female,Amber,sanskrit,620,train
female,Chandra,sanskrit,5684,train
female,Taja,sanskrit,5790,train
female,Tajah,sanskrit,4872,train
female,Amil,sanskrit,4579,train
female,Rani,sanskrit,4591,train
female,Gita,sanskrit,4961,train
female,Kali,sanskrit,539,train
female,Tarah,sanskrit,4716,train
female,Chaundra,sanskrit,3789,train
female,Veta,sanskrit,3248,train
female,Amita,sanskrit,5447,train
female,Jena,sanskrit,4387,train
female,Shandra,sanskrit,5545,train
female,Sunita,sanskrit,5391,train
female,Raja,sanskrit,5024,train
female,Uma,sanskrit,3094,train
female,Geeta,sanskrit,3845,train
female,Taralyn,sanskrit,4951,train
female,Aruna,sanskrit,5578,train
female,Lakshmi,sanskrit,5466,train
female,Avani,sanskrit,2210,train
female,Tara,sanskrit,1545,train
female,Meena,sanskrit,4892,train
female,Roshawn,sanskrit,5265,train
female,Taisha,sanskrit,5188,train
female,Rania,sanskrit,2583,train
female,Rajanee,sanskrit,4849,train
female,Taija,sanskrit,5329,train
female,Veda,sanskrit,1815,train
female,Tarrah,sanskrit,5391,train
female,Indira,sanskrit,4986,train
female,Dhana,sanskrit,3573,train
female,Chandrika,sanskrit,3849,train
female,Radha,sanskrit,4892,val
female,Tajanae,sanskrit,4759,val
female,Lalita,sanskrit,3679,val
female,Kalli,sanskrit,2720,val
female,Ranee,sanskrit,3558,val
female,Chandara,sanskrit,4599,val
female,Anda,sanskrit,2835,val
female,Kama,sanskrit,4363,val
female,Chanda,sanskrit,5048,test
female,Sharmila,sanskrit,3919,test
female,May,sanskrit,2650,test
female,Roshana,sanskrit,4591,test
female,Opal,sanskrit,2050,test
female,Kashmir,sanskrit,5127,test
female,Ananda,sanskrit,5527,test
female,Raine,sanskrit,3967,test
female,Karma,sanskrit,1650,test
male,Iver,scandinavian,4488,train
male,Garth,scandinavian,4917,train
male,Tyrell,scandinavian,1999,train
male,Nels,scandinavian,4892,train
male,Jenson,scandinavian,2650,train
male,Kristoff,scandinavian,4704,train
male,Hanson,scandinavian,3911,train
male,Anderson,scandinavian,563,train
male,Waddell,scandinavian,3107,train
male,Heraldo,scandinavian,2766,train
male,Ivar,scandinavian,2645,train
male,Bodie,scandinavian,1937,train
male,Jensen,scandinavian,745,train
male,Rafe,scandinavian,4019,train
male,Ericson,scandinavian,4694,train
male,Kristofer,scandinavian,3755,train
male,Lars,scandinavian,3554,train
male,Harald,scandinavian,3573,train
male,Ander,scandinavian,2875,train
male,Hagan,scandinavian,4227,train
male,Harold,scandinavian,1606,train
male,Eino,scandinavian,2693,train
male,Steffan,scandinavian,4230,train
male,Kristopher,scandinavian,1139,train
male,Janson,scandinavian,4277,train
male,Carlson,scandinavian,3923,train
male,Gustaf,scandinavian,2872,train
male,Anders,scandinavian,1475,train
male,Hansel,scandinavian,2377,train
male,Hans,scandinavian,2650,train
male,Rolf,scandinavian,4106,train
male,Gustavo,scandinavian,962,train
male,Garold,scandinavian,3460,val
male,Guss,scandinavian,2611,val
male,Boden,scandinavian,1832,val
male,Knute,scandinavian,2297,val
male,Osman,scandinavian,3094,val
male,Leif,scandinavian,1926,val
male,Herold,scandinavian,2693,test
male,Ingram,scandinavian,2679,test
male,Stefan,scandinavian,1691,test
male,Aristide,scandinavian,2887,test
male,Crosby,scandinavian,1160,test
male,Wayde,scandinavian,4591,test
male,Einer,scandinavian,2679,test
male,Wade,scandinavian,1068,test
female,Trinette,scandinavian,4591,train
female,Kierstin,scandinavian,4961,train
female,Kiersten,scandinavian,1949,train
female,Kristianna,scandinavian,4954,train
female,Lidwina,scandinavian,2753,train
female,Dagmar,scandinavian,3471,train
female,Kristyn,scandinavian,4184,train
female,Mia,scandinavian,19,train
female,Inge,scandinavian,3734,train
female,Linnae,scandinavian,4498,train
female,Gudrun,scandinavian,2724,train
female,Karmen,scandinavian,1832,train
female,Ari,scandinavian,733,train
female,Dennie,scandinavian,4245,train
female,Kirstin,scandinavian,4838,train
female,Krystyna,scandinavian,4803,train
female,Karene,scandinavian,3530,train
female,Inger,scandinavian,4106,train
female,Kristiane,scandinavian,3477,train
female,Mea,scandinavian,4488,train
female,Kristina,scandinavian,1345,train
female,Hallie,scandinavian,1061,train
female,Solveig,scandinavian,4591,train
female,Lynea,scandinavian,4193,train
female,Kristian,scandinavian,1274,train
female,Linnea,scandinavian,2305,train
female,Thyra,scandinavian,2848,train
female,Linna,scandinavian,4401,train
female,Karina,scandinavian,817,train
female,Treena,scandinavian,4193,train
female,Ingeborg,scandinavian,2407,val
female,Kareena,scandinavian,4157,val
female,Ingrid,scandinavian,1613,val
female,Kirsten,scandinavian,2034,val
female,Denny,scandinavian,4019,val
female,Rayne,scandinavian,1672,val
female,Trine,scandinavian,3342,test
female,Sula,scandinavian,2912,test
female,Rayna,scandinavian,1433,test
female,Eula,scandinavian,3962,test
female,Bo,scandinavian,1217,test
female,Kristiana,scandinavian,4892,test
female,Olga,scandinavian,3071,test
female,Freya,scandinavian,1035,test
male,Owens,scottish,2623,train
male,Berkley,scottish,1742,train
male,Ian,scottish,118,train
male,Calder,scottish,3019,train
male,Ron,scottish,3554,train
male,Camden,scottish,172,train
male,Bowie,scottish,3470,train
male,Erroll,scottish,3289,train
male,Clydell,scottish,3471,train
male,Erskin,scottish,2693,train
male,Lorn,scottish,2965,train
male,Ervin,scottish,2553,train
male,Ledell,scottish,3504,train
male,Boyd,scottish,3243,train
male,Frazier,scottish,3086,train
male,Monroe,scottish,1244,train
male,Malcolm,scottish,859,train
male,Collin,scottish,419,train
male,Fergus,scottish,2643,train
male,Donald,scottish,821,train
male,Duncan,scottish,1533,train
male,Gordon,scottish,1836,train
male,Colin,scottish,251,train
male,Clyde,scottish,1602,train
male,Lennox,scottish,928,train
male,Callum,scottish,1433,train
male,Neil,scottish,1251,train
male,Fraser,scottish,2766,val
male,Douglas,scottish,1189,val
male,Lenox,scottish,3270,val
male,Craig,scottish,1759,val
male,Thaine,scottish,2848,val
male,Gillis,scottish,2509,test
male,Ean,scottish,1937,test
male,Alec,scottish,898,test
male,Gilles,scottish,2756,test
male,Keith,scottish,795,test
male,Carsen,scottish,1961,test
male,Grant,scottish,282,test
female,Ardis,scottish,3471,train
female,Bonnell,scottish,2698,train
female,Carson,scottish,142,train
female,Rhona,scottish,3687,train
female,Cameron,scottish,71,train
female,Ayleen,scottish,1460,train
female,Lesly,scottish,1569,train
female,Ross,scottish,2173,train
female,Ardyce,scottish,3342,train
female,Janet,scottish,2210,train
female,Kamren,scottish,1926,train
female,Bonni,scottish,3416,train
female,Lundy,scottish,2872,train
female,Callen,scottish,994,train
female,Camryn,scottish,679,train
female,Donelda,scottish,2835,train
female,Elsie,scottish,657,train
female,Blair,scottish,1135,train
female,Elsbeth,scottish,2609,train
female,Cam,scottish,3438,train
female,Camron,scottish,1546,train
female,Dallas,scottish,393,train
female,Paisley,scottish,149,train
female,Blaire,scottish,2055,train
female,Janette,scottish,3470,train
female,Kenzie,scottish,503,train
female,Aoife,scottish,3333,train
female,Donnell,scottish,3123,train
female,Mckenzie,scottish,331,train
female,Lezlee,scottish,3342,train
female,Lilas,scottish,2870,train
female,Anabel,scottish,1553,train
female,Janeth,scottish,2740,train
female,Kade,scottish,780,train
female,Maisie,scottish,1176,train
female,Lesley,scottish,2650,val
female,Davina,scottish,1982,val
female,Cason,scottish,815,val
female,Leslie,scottish,639,val
female,Kason,scottish,714,val
female,Camren,scottish,1808,val
female,Kamryn,scottish,646,val
female,Bonnie,scottish,1458,test
female,Bunnie,scottish,2912,test
female,Callan,scottish,1281,test
female,Karson,scottish,629,test
female,Ailyn,scottish,1799,test
female,Isla,scottish,343,test
female,Ardys,scottish,3058,test
female,Campbell,scottish,1382,test
female,Bryce,scottish,227,test
male,Andrick,slavic,4986,train
male,Boban,slavic,4044,train
male,Bronislaw,slavic,2242,train
male,Sagan,slavic,5418,train
male,Ivan,slavic,230,train
male,Branko,slavic,4044,train
male,Wenceslaus,slavic,2693,train
male,Stanislaus,slavic,2619,train
male,Tibor,slavic,3573,train
male,Anton,slavic,1748,train
male,Jasha,slavic,5391,train
male,Bohdan,slavic,3471,train
male,Casimir,slavic,5418,train
male,Zander,slavic,464,train
male,Bane,slavic,3652,train
male,Lazlo,slavic,5418,train
male,Boris,slavic,3967,train
male,Vladislav,slavic,4704,val
male,Laszlo,slavic,5158,val
male,Ladislaus,slavic,2848,val
male,Stanislaw,slavic,2443,test
male,Casmir,slavic,2870,test
male,Jarek,slavic,4986,test
male,Vlad,slavic,5297,test
male,Vladimir,slavic,2190,test
female,Ludmilla,slavic,2607,train
female,Ivanna,slavic,1230,train
female,Vanda,slavic,3477,train
female,Tosha,slavic,4230,train
female,Verlie,slavic,3121,train
female,Aniya,slavic,983,train
female,Kalena,slavic,3911,train
female,Ivana,slavic,2190,train
female,Milka,slavic,5418,train
female,Verdie,slavic,3121,train
female,Karaline,slavic,5158,train
female,Ilka,slavic,3845,train
female,Elga,slavic,3471,train
female,Kaleena,slavic,4986,train
female,Karli,slavic,2087,train
female,Karlene,slavic,5441,train
female,Mireille,slavic,4986,train
female,Iva,slavic,3400,train
female,Bryna,slavic,4843,train
female,Lavera,slavic,3047,train
female,Danika,slavic,1394,train
female,Valeska,slavic,5131,train
female,Karalyn,slavic,4892,train
female,Saskia,slavic,5418,train
female,Vera,slavic,697,train
female,Dannika,slavic,5137,train
female,Mileena,slavic,3507,train
female,Brina,slavic,5418,train
female,Karolyn,slavic,5158,train
female,Magda,slavic,5139,train
female,Karoline,slavic,2972,train
female,Lyda,slavic,3471,train
female,Verdell,slavic,3029,train
female,Zoraya,slavic,5137,train
female,Verlene,slavic,3342,train
female,Neda,slavic,5158,train
female,Wava,slavic,2617,train
female,Veera,slavic,4892,train
female,Danica,slavic,1001,train
female,Brinn,slavic,5418,train
female,Zaria,slavic,1446,train
female,Milana,slavic,1313,train
female,Kalene,slavic,5053,train
female,Kaleen,slavic,5161,train
female,Ivanka,slavic,4019,train
female,Kalina,slavic,2517,val
female,Chessie,slavic,2645,val
female,Wenda,slavic,3504,val
female,Verla,slavic,3352,val
female,Zora,slavic,2525,val
female,Myrene,slavic,1882,val
female,Karolina,slavic,2409,val
female,Karolyna,slavic,4912,val
female,Lala,slavic,3294,val
female,Leena,slavic,1922,test
female,Lyna,slavic,5091,test
female,Leida,slavic,5053,test
female,Ania,slavic,2997,test
female,Zlata,slavic,4961,test
female,Ivania,slavic,5025,test
female,Miri,slavic,4488,test
female,Wonda,slavic,2820,test
female,Karlie,slavic,1498,test
female,Verline,slavic,3186,test
female,Milena,slavic,1365,test
male,Carlo,spanish,1982,train
male,Felipe,spanish,1446,train
male,Xavier,spanish,140,train
male,Mariano,spanish,2004,train
male,Jose,spanish,116,train
male,Esteban,spanish,762,train
male,Raul,spanish,829,train
male,Aldo,spanish,1226,train
male,Jair,spanish,1861,train
male,Ramon,spanish,1236,train
male,Arlo,spanish,1056,train
male,Rocky,spanish,1883,train
male,Rolando,spanish,1730,train
male,Manuel,spanish,496,train
male,Lorenzo,spanish,435,train
male,Rey,spanish,1698,train
male,Andres,spanish,417,train
male,Cruz,spanish,547,train
male,Alonso,spanish,1355,train
male,Cortez,spanish,1898,train
male,Pablo,spanish,777,train
male,Diego,spanish,225,train
male,Juan,spanish,177,train
male,Santino,spanish,1211,train
male,Tadeo,spanish,1926,train
male,Antonio,spanish,253,train
male,Santos,spanish,1785,train
male,Efrain,spanish,1778,train
male,Santiago,spanish,207,train
male,Zavier,spanish,1815,train
male,Ramiro,spanish,1712,train
male,Enrique,spanish,807,train
male,Alfonso,spanish,1635,train
male,Emiliano,spanish,476,train
male,Rafael,spanish,557,train
male,Elian,spanish,1365,val
male,Orlando,spanish,1078,val
male,Fernando,spanish,490,val
male,Jorge,spanish,390,val
male,Francisco,spanish,447,val
male,Alonzo,spanish,1053,val
male,Javier,spanish,405,val
male,Ruben,spanish,701,test
male,Jairo,spanish,1733,test
male,Dante,spanish,598,test
male,Alejandro,spanish,289,test
male,Rodrigo,spanish,982,test
male,Carlos,spanish,209,test
male,Ramirez,spanish,1758,test
male,Pedro,spanish,695,test
male,Luis,spanish,177,test
female,Rosalyn,spanish,1598,train
female,Linda,spanish,1143,train
female,Savannah,spanish,116,train
female,Ramona,spanish,1794,train
female,Milagros,spanish,2131,train
female,Mila,spanish,170,train
female,Luisa,spanish,2017,train
female,Tia,spanish,1949,train
female,Rita,spanish,2094,train
female,Mercedes,spanish,1641,train
female,Analia,spanish,1787,train
female,Reina,spanish,1581,train
female,Vida,spanish,2099,train
female,Emmie,spanish,1842,train
female,Emerald,spanish,1813,train
female,Guadalupe,spanish,839,train
female,Sierra,spanish,676,train
female,Ximena,spanish,329,train
female,Belen,spanish,1631,train
female,Nina,spanish,605,train
female,Miah,spanish,1135,train
female,Raquel,spanish,1244,train
female,Maya,spanish,175,train
female,Mira,spanish,1139,train
female,Itzel,spanish,811,train
female,Jaime,spanish,895,train
female,Savanna,spanish,870,train
female,Esperanza,spanish,1686,val
female,Jimena,spanish,824,val
female,Yesenia,spanish,1898,val
female,Ciara,spanish,1200,val
female,Luz,spanish,1757,val
female,Santana,spanish,1513,test
female,Reyna,spanish,1316,test
female,Esmeralda,spanish,715,test
female,Cristina,spanish,1659,test
female,Lola,spanish,491,test
female,Hana,spanish,1407,test
female,Quinn,spanish,213,test
male,Sahel,swahili,0,train
male,Sadeeki,swahili,0,train
male,Baraka,swahili,0,train
male,Zahoor,swahili,0,train
male,Barak,swahili,5466,train
male,Faraji,swahili,0,train
male,Barack,swahili,3704,train
male,Yazeed,swahili,0,train
male,Jabari,swahili,2087,train
male,Sadiki,swahili,0,train
male,Omari,swahili,1391,train
male,Simba,swahili,0,train
male,Barrak,swahili,0,train
male,Zubery,swahili,0,val
male,Zooberi,swahili,0,val
male,Zahour,swahili,0,test
male,Zuberi,swahili,0,test
male,Zahur,swahili,0,test
male,Yazid,swahili,5466,test
female,Lela,swahili,2409,train
female,Niah,swahili,3702,train
female,Nya,swahili,2042,train
female,Ayonna,swahili,5504,train
female,Nia,swahili,897,train
female,Jina,swahili,5451,train
female,Aivanna,swahili,0,train
female,Shani,swahili,4740,train
female,Ayanna,swahili,1531,train
female,Avania,swahili,0,train
female,Lulu,swahili,4591,train
female,Avannia,swahili,0,train
female,Amani,swahili,1104,train
female,Safiyah,swahili,5188,train
female,Avana,swahili,0,train
female,Hasina,swahili,5254,train
female,Zalika,swahili,5545,val
female,Nea,swahili,0,val
female,Safia,swahili,4387,val
female,Dalila,swahili,2163,test
female,Lakeisha,swahili,4415,test
female,Shanit,swahili,0,test
female,Aivana,swahili,0,test
female,Nyah,swahili,2004,test
male,Kendrick,welsh,655,train
male,Owen,welsh,51,train
male,Gavin,welsh,91,train
male,Broderick,welsh,1883,train
male,Merwin,welsh,2500,train
male,Gareth,welsh,2913,train
male,Elwyn,welsh,2838,train
male,Cayden,welsh,352,train
male,Lew,welsh,3059,train
male,Don,welsh,2671,train
male,Trevor,welsh,506,train
male,Vaughn,welsh,1705,train
male,Bowen,welsh,1072,train
male,Bryson,welsh,209,train
male,Brice,welsh,1721,train
male,Ewan,welsh,2323,train
male,Guinn,welsh,2872,train
male,Merwyn,welsh,2498,train
male,Matthias,welsh,1108,train
male,Marvin,welsh,977,train
male,Dover,welsh,2721,train
male,Dewie,welsh,2894,train
male,Kye,welsh,2154,train
male,Arian,welsh,1291,val
male,Davin,welsh,1802,val
male,Mervyn,welsh,2711,val
male,Merrick,welsh,1937,val
male,Brycen,welsh,785,val
male,Lloyd,welsh,2702,test
male,Caden,welsh,360,test
male,Rhys,welsh,957,test
male,Gavyn,welsh,1842,test
male,Brysen,welsh,1955,test
male,Maddox,welsh,287,test
female,Cambria,welsh,1742,train
female,Gwyneth,welsh,1712,train
female,Ellis,welsh,729,train
female,Meredith,welsh,1073,train
female,Fredy,welsh,2949,train
female,Gwynn,welsh,3086,train
female,Meghan,welsh,1856,train
female,Evan,welsh,89,train
female,Cecily,welsh,1698,train
female,Dillan,welsh,2377,train
female,Carys,welsh,2606,train
female,Idris,welsh,2247,train
female,Cele,welsh,2297,train
female,Glenice,welsh,2336,train
female,Dylan,welsh,31,train
female,Winnie,welsh,2296,train
female,Winifred,welsh,3071,train
female,Cicily,welsh,3069,train
female,Blodwyn,welsh,2679,train
female,Meagan,welsh,2892,train
female,Cecillia,welsh,2894,train
female,Megan,welsh,613,train
female,Elin,welsh,1279,train
female,Lunette,welsh,2541,train
female,Ceceilia,welsh,3045,train
female,Rhiannon,welsh,2525,train
female,Reese,welsh,328,train
female,Ariana,welsh,114,train
female,Glennda,welsh,3009,train
female,Genever,welsh,2608,train
female,Brynna,welsh,2825,train
female,Rhyan,welsh,2702,train
female,Cecilia,welsh,433,train
female,Morgan,welsh,215,train
female,Arwen,welsh,3045,train
female,Gwenyth,welsh,2650,train
female,Reece,welsh,866,train
female,Kenia,welsh,1495,train
female,Idelle,welsh,2505,train
female,Guinevere,welsh,2257,val
female,Cecelia,welsh,1046,val
female,Kendra,welsh,530,val
female,Gwendolyn,welsh,797,val
female,Ariane,welsh,2202,val
female,Drew,welsh,557,val
female,Bryn,welsh,1613,val
female,Gwyn,welsh,2855,val
female,Arionna,welsh,2650,test
female,Yael,welsh,1546,test
female,Jennifer,welsh,460,test
female,Cambree,welsh,1922,test
female,Kai,welsh,285,test
female,Glenys,welsh,2666,test
female,Ceil,welsh,3009,test
female,Gwen,welsh,1598,test
female,Arianna,welsh,124,test
male,Hersch,yiddish,5578,train
male,Zindil,yiddish,0,train
male,Zelig,yiddish,5137,train
male,Feiwel,yiddish,0,train
male,Herzel,yiddish,0,train
male,Herzl,yiddish,0,train
male,Heshel,yiddish,0,train
male,Feivel,yiddish,0,train
male,Hershel,yiddish,3470,train
male,Hirschl,yiddish,0,train
male,Zindel,yiddish,0,train
male,Hersh,yiddish,3368,train
male,Hirschel,yiddish,0,train
male,Hertzel,yiddish,0,train
male,Herschell,yiddish,2653,train
male,Heschel,yiddish,0,train
male,Springer,yiddish,0,val
male,Zelik,yiddish,0,val
male,Herschel,yiddish,5451,val
male,Zeligman,yiddish,0,test
male,Hirsch,yiddish,0,test
male,Hirsh,yiddish,0,test
male,Alter,yiddish,4892,test
female,Rayzel,yiddish,0,train
female,Kayla,yiddish,242,train
female,Shaina,yiddish,3270,train
female,Fruma,yiddish,5703,train
female,Raiza,yiddish,5545,train
female,Shayna,yiddish,2525,train
female,Raisabel,yiddish,0,train
female,Zelda,yiddish,1907,train
female,Freydel,yiddish,0,train
female,Raizel,yiddish,3243,train
female,Libena,yiddish,0,train
female,Shanee,yiddish,5441,train
female,Cayla,yiddish,2118,train
female,Raissa,yiddish,5512,train
female,Freyde,yiddish,0,train
female,Shainah,yiddish,0,train
female,Fraydel,yiddish,0,train
female,Roza,yiddish,5466,train
female,Sheina,yiddish,5158,train
female,Lubah,yiddish,0,train
female,Shaynah,yiddish,0,train
female,Raisa,yiddish,5504,train
female,Shaena,yiddish,5545,val
female,Lyuba,yiddish,0,val
female,Raisse,yiddish,0,val
female,Luba,yiddish,3481,val
female,Lyubah,yiddish,0,test
female,Freyda,yiddish,2720,test
female,Liba,yiddish,3554,test
female,Shanie,yiddish,5545,test
female,Frayde,yiddish,0,test
female,Frayda,yiddish,2498,test
